LR table,,,,,,,,,,,,,,,,,,,,,,,,,,,,,,,,,,,,,,,,,,,,,,,,,,,,,,,,,,,,,,,,,,,,,,,,,,,,,
State,ACTION,,,,,,,,,,,,,,,,,,,,,,,,,,,,,,,,,,,,,,,,,,,,,,,,,,,,GOTO,,,,,,,,,,,,,,,,,,,,,,,,
,SepPV,MODULE,val,OpAtr,And,fun,Type,infix,ConstInt,Id,nonfix,BeginP,EndP,SepV,Bar,TypeConst,PREFCON,BeginC,EndC,OpLogAndAlso,OpLogOr,InsSIf,InsSThen,InsSElse,InsInWh,InsInDo,InsInCase,Of,Fn,Arrow,OpArMult,OpArdiv,Div,Mod,OpArAd,OpArExp,At,OpReI,OpReD,op,OpMinus,OpLogNot,Abs,DoubleP,ConstBool,TypeInt,TypeChar,TypeString,TypeBool,List,Asp,$,S,INICIAL,DEC,CONTDEC,CONTFBIND,CONTID,TVARS,CONTTVARS,TBINDS,CONTTBINDS,FBIND,CONTAPAT,CONTFBINDD,EXP,CONTEXP,MATCH,CONTMATCH,PAT,APAT,INFIXFN,PREFIXFN,INFIXCON,MONOCON,TYPE,TVAR
0,s5,s4,s17,,,s18,s19,s20,,,s21,s9,,,,s6,s8,s10,,s11,s12,s13,,,s14,,s15,,s16,,,,,,,,,,,s22,s23,s24,s25,,,,,,,,,,,1,3,,,,,,,,,,,2,,,,,,,7,,,,
1,,,,,,,,,,,,,,,,,,,,,,,,,,,,,,,,,,,,,,,,,,,,,,,,,,,,acc,,,,,,,,,,,,,,,,,,,,,,,,,
2,s26,,,,,,,,,,,,,,,,,,,,,,,,,,,,,,,,,,,,,,,,,,,,,,,,,,,,,,,,,,,,,,,,,,,,,,,,,,,,
3,s5,s4,s17,,,s18,s19,s20,,,s21,s9,,,,s6,s8,s10,,s11,s12,s13,,,s14,,s15,,s16,,,,,,,,,,,s22,s23,s24,s25,,,,,,,,,,,27,3,,,,,,,,,,,2,,,,,,,7,,,,
4,s5,s4,s17,,,s18,s19,s20,,,s21,s9,,,,s6,s8,s10,,s11,s12,s13,,,s14,,s15,,s16,,,,,,,,,,,s22,s23,s24,s25,,,,,,,,,,,28,3,,,,,,,,,,,2,,,,,,,7,,,,
5,s5,s4,s17,,,s18,s19,s20,,,s21,s9,,,,s6,s8,s10,,s11,s12,s13,,,s14,,s15,,s16,,,,,,,,,,,s22,s23,s24,s25,,,,,,,,,,,29,3,,,,,,,,,,,2,,,,,,,7,,,,
6,r26,,,,r26,,,,,,,r26,,r26,r26,r26,r26,r26,,r26,r26,r26,r26,r26,r26,r26,r26,r26,r26,,,,,,,,,,,r26,r26,r26,r26,,,,,,,,,,,,,,,,,,,,,,,,,,,,,,,,,,
7,r27,,,,r27,,,,,,,r27,,r27,r27,r27,r27,r27,,r27,r27,r27,r27,r27,r27,r27,r27,r27,r27,,,,,,,,,,,r27,r27,r27,r27,,,,,,,,,,,,,,,,,,,,,,,,,,,,,,,,,,
8,r28,,,,r28,,,,,,,r28,,r28,r28,r28,r28,r28,,r28,r28,r28,r28,r28,r28,r28,r28,r28,r28,,,,,,,,,,,r28,r28,r28,r28,,,,,,,,,,,,,,,,,,,,,,,,,,,,,,,,,,
9,,,,,,,,,,,,s9,,,,s6,s8,s10,,s11,s12,s13,,,s14,,s15,,s16,,,,,,,,,,,s22,s23,s24,s25,,,,,,,,,,,,,,,,,,,,,,,30,,,,,,,7,,,,
10,,,,,,,,,,,,s9,,,,s6,s8,s10,,s11,s12,s13,,,s14,,s15,,s16,,,,,,,,,,,s22,s23,s24,s25,,,,,,,,,,,,,,,,,,,,,,,31,,,,,,,7,,,,
11,,,,,,,,,,,,s9,,,,s6,s8,s10,,s11,s12,s13,,,s14,,s15,,s16,,,,,,,,,,,s22,s23,s24,s25,,,,,,,,,,,,,,,,,,,,,,,32,,,,,,,7,,,,
12,,,,,,,,,,,,s9,,,,s6,s8,s10,,s11,s12,s13,,,s14,,s15,,s16,,,,,,,,,,,s22,s23,s24,s25,,,,,,,,,,,,,,,,,,,,,,,33,,,,,,,7,,,,
13,,,,,,,,,,,,s9,,,,s6,s8,s10,,s11,s12,s13,,,s14,,s15,,s16,,,,,,,,,,,s22,s23,s24,s25,,,,,,,,,,,,,,,,,,,,,,,34,,,,,,,7,,,,
14,,,,,,,,,,,,s9,,,,s6,s8,s10,,s11,s12,s13,,,s14,,s15,,s16,,,,,,,,,,,s22,s23,s24,s25,,,,,,,,,,,,,,,,,,,,,,,35,,,,,,,7,,,,
15,,,,,,,,,,,,s9,,,,s6,s8,s10,,s11,s12,s13,,,s14,,s15,,s16,,,,,,,,,,,s22,s23,s24,s25,,,,,,,,,,,,,,,,,,,,,,,36,,,,,,,7,,,,
16,,,,,,,,,,s46,,s43,,,,s42,s40,s44,,,,,,,,,,,,,,,,,,,,,,,,,,s45,,,,,,,,,,,,,,,,,,,,,,,,37,,38,39,,,41,,,
17,,,,,,,,,,s46,,s50,,,,s42,s40,s44,,,,,,,,,,,,,,,,,,,,,,,,,,s45,,,,,,,s51,,,,,,,,47,,,,,,,,,,,48,39,,,41,,,49
18,,,,,,,,,,s55,,s54,,,,,,,,,,,,,,,,,,,,,,,,,,,,,,,,,,,,,,,s51,,,,,,,,52,,,,53,,,,,,,,,,,,,,49
19,,,,,,,,,,s58,,s54,,,,,,,,,,,,,,,,,,,,,,,,,,,,,,,,,,,,,,,s51,,,,,,,,57,,56,,,,,,,,,,,,,,,,49
20,,,,,,,,,s59,s60,,,,,,,,,,,,,,,,,,,,,,,,,,,,,,,,,,,,,,,,,,,,,,,,,,,,,,,,,,,,,,,,,,,
21,,,,,,,,,,s61,,,,,,,,,,,,,,,,,,,,,,,,,,,,,,,,,,,,,,,,,,,,,,,,,,,,,,,,,,,,,,,,,,,
22,,,,,,,,,,s46,,,,,,,,,,,,,,,,,,,,,,,,,,,,,,,,,,s45,,,,,,,,,,,,,,,,,,,,,,,,,,,,,,62,,,
23,r64,,,,r64,,,,,,,r64,,r64,r64,r64,r64,r64,,r64,r64,r64,r64,r64,r64,r64,r64,r64,r64,,,,,,,,,,,r64,r64,r64,r64,,,,,,,,,,,,,,,,,,,,,,,,,,,,,,,,,,
24,r65,,,,r65,,,,,,,r65,,r65,r65,r65,r65,r65,,r65,r65,r65,r65,r65,r65,r65,r65,r65,r65,,,,,,,,,,,r65,r65,r65,r65,,,,,,,,,,,,,,,,,,,,,,,,,,,,,,,,,,
25,r66,,,,r66,,,,,,,r66,,r66,r66,r66,r66,r66,,r66,r66,r66,r66,r66,r66,r66,r66,r66,r66,,,,,,,,,,,r66,r66,r66,r66,,,,,,,,,,,,,,,,,,,,,,,,,,,,,,,,,,
26,,,,,,,,,,,,,,,,,,,,,,,,,,,,,,,,,,,,,,,,,,,,,,,,,,,,r1,,,,,,,,,,,,,,,,,,,,,,,,,
27,,,,,,,,,,,,,,,,,,,,,,,,,,,,,,,,,,,,,,,,,,,,,,,,,,,,r2,,,,,,,,,,,,,,,,,,,,,,,,,
28,,,,,,,,,,,,,,,,,,,,,,,,,,,,,,,,,,,,,,,,,,,,,,,,,,,,r3,,,,,,,,,,,,,,,,,,,,,,,,,
29,,,,,,,,,,,,,,,,,,,,,,,,,,,,,,,,,,,,,,,,,,,,,,,,,,,,r4,,,,,,,,,,,,,,,,,,,,,,,,,
30,s65,,,,,,,,,,,,,s64,,,,,,,,,,,,,,,,,,,,,,,,,,,,,,,,,,,,,,,,,,,,,,,,,,,,,63,,,,,,,,,,
31,s65,,,,,,,,,,,,,s64,,,,,,,,,,,,,,,,,,,,,,,,,,,,,,,,,,,,,,,,,,,,,,,,,,,,,66,,,,,,,,,,
32,r35,,,,r35,,,,,,,r35,,r35,r35,r35,r35,r35,,r35,r35,r35,r35,r35,r35,r35,r35,r35,r35,,,,,,,,,,,r35,r35,r35,r35,,,,,,,,,,,,,,,,,,,,,,,,,,,,,,,,,,
33,r36,,,,r36,,,,,,,r36,,r36,r36,r36,r36,r36,,r36,r36,r36,r36,r36,r36,r36,r36,r36,r36,,,,,,,,,,,r36,r36,r36,r36,,,,,,,,,,,,,,,,,,,,,,,,,,,,,,,,,,
34,,,,,,,,,,,,,,,,,,,,,,,s67,,,,,,,,,,,,,,,,,,,,,,,,,,,,,,,,,,,,,,,,,,,,,,,,,,,,,,
35,,,,,,,,,,,,,,,,,,,,,,,,,,s68,,,,,,,,,,,,,,,,,,,,,,,,,,,,,,,,,,,,,,,,,,,,,,,,,,,
36,,,,,,,,,,,,,,,,,,,,,,,,,,,,s69,,,,,,,,,,,,,,,,,,,,,,,,,,,,,,,,,,,,,,,,,,,,,,,,,
37,r40,,,,r40,,,,,,,r40,,r40,r40,r40,r40,r40,,r40,r40,r40,r40,r40,r40,r40,r40,r40,r40,,,,,,,,,,,r40,r40,r40,r40,,,,,,,,,,,,,,,,,,,,,,,,,,,,,,,,,,
38,,,,,,,,,,,,,,,,,,,,,,,,,,,,,,s70,,,,,,,,,,,,,,,,,,,,,,,,,,,,,,,,,,,,,,,,,,,,,,,
39,,,,r43,,,,,,,,,r43,,,,,,r43,,,,,,,,,,,r43,,,,,,,,,,,,,,,,,,,,,,,,,,,,,,,,,,,,,,,,,,,,,,,
40,,,,,,,,,,s46,,s43,,,,s42,s40,s44,,,,,,,,,,,,,,,,,,,,,,,,,,s45,,,,,,,,,,,,,,,,,,,,,,,,,,71,39,,,41,,,
41,,,,r47,,,,,,s46,,s43,r47,,,s42,s40,s44,r47,,,,,,,,,,,r47,,,,,,,,,,,,,,s45,,,,,,,,,,,,,,,,,,,,,,,,,,72,39,,,41,,,
42,,,,r46,,,,,,r46,,r46,r46,,,r46,,r46,r46,,,,,,,,,,,r46,,,,,,,,,,,,,,r46,,,,,,,,,,,,,,,,,,,,,,,,,,,,,,,,,
43,,,,,,,,,,s46,,s43,,,,s42,s40,s44,,,,,,,,,,,,,,,,,,,,,,,,,,s45,,,,,,,,,,,,,,,,,,,,,,,,,,73,74,,,41,,,
44,,,,,,,,,,s46,,s43,,,,s42,s40,s44,s75,,,,,,,,,,,,,,,,,,,,,,,,,s45,,,,,,,,,,,,,,,,,,,,,,,,,,76,39,,,41,,,
45,r67,,,r67,r67,,,,,r67,,r67,r67,r67,r67,r67,r67,r67,r67,r67,r67,r67,r67,r67,r67,r67,r67,r67,r67,r67,,,,,,,,,,r67,r67,r67,r67,r67,,,,,,,,,,,,,,,,,,,,,,,,,,,,,,,,,
46,r68,,,r68,r68,,,,,r68,,r68,r68,r68,r68,r68,r68,r68,r68,r68,r68,r68,r68,r68,r68,r68,r68,r68,r68,r68,,,,,,,,,,r68,r68,r68,r68,r68,,,,,,,,,,,,,,,,,,,,,,,,,,,,,,,,,
47,,,,,,,,,,s46,,s43,,,,s42,s40,s44,,,,,,,,,,,,,,,,,,,,,,,,,,s45,,,,,,,,,,,,,,,,,,,,,,,,,,77,39,,,41,,,
48,,,,s78,,,,,,,,,,,,,,,,,,,,,,,,,,,,,,,,,,,,,,,,,,,,,,,,,,,,,,,,,,,,,,,,,,,,,,,,,
49,,,,,,,,,,r16,,r16,,,,r16,r16,r16,,,,,,,,,,,,,,,,,,,,,,,,,,r16,,,,,,,,,,,,,,,,,,,,,,,,,,,,,,,,,
50,,,,,,,,,,s46,,s43,,,,s42,s40,s44,,,,,,,,,,,,,,,,,,,,,,,,,,s45,,,,,,,s51,,,,,,,,,,,,,,,,,,,73,74,,,41,,,79
51,,,,,,,,,,s80,,,,,,,,,,,,,,,,,,,,,,,,,,,,,,,,,,,,,,,,,,,,,,,,,,,,,,,,,,,,,,,,,,,
52,,,,,,,,,,s55,,,,,,,,,,,,,,,,,,,,,,,,,,,,,,,,,,,,,,,,,,,,,,,,,,,,,81,,,,,,,,,,,,,,
53,,,,,s83,,,,,,,,,,,,,,,,,,,,,,,,,,,,,,,,,,,,,,,,,,,,,,,,,,,,82,,,,,,,,,,,,,,,,,,,,
54,,,,,,,,,,,,,,,,,,,,,,,,,,,,,,,,,,,,,,,,,,,,,,,,,,,s51,,,,,,,,,,,,,,,,,,,,,,,,,,79
55,,,,,,,,,,s46,,s43,,,,s42,,s44,,,,,,,,,,,,,,,,,,,,,,,,,,s45,,,,,,,,,,,,,,,,,,,,,,,,,,,84,,,85,,,
56,r11,r11,r11,,,r11,r11,r11,,,r11,r11,,,,r11,r11,r11,,r11,r11,r11,,,r11,,r11,,r11,,,,,,,,,,,r11,r11,r11,r11,,,,,,,,,,,,,,,,,,,,,,,,,,,,,,,,,,
57,,,,,,,,,,s86,,,,,,,,,,,,,,,,,,,,,,,,,,,,,,,,,,,,,,,,,,,,,,,,,,,,,,,,,,,,,,,,,,,
58,,,,s87,,,,,,,,,,,,,,,,,,,,,,,,,,,,,,,,,,,,,,,,,,,,,,,,,,,,,,,,,,,,,,,,,,,,,,,,,
59,,,,,,,,,,s88,,,,,,,,,,,,,,,,,,,,,,,,,,,,,,,,,,,,,,,,,,,,,,,,,,,,,,,,,,,,,,,,,,,
60,,,,,,,,,,s90,,,,,,,,,,,,,,,,,,,,,,,,,,,,,,,,,,,,,,,,,,,,,,,,89,,,,,,,,,,,,,,,,,,,
61,,,,,,,,,,s90,,,,,,,,,,,,,,,,,,,,,,,,,,,,,,,,,,,,,,,,,,,,,,,,91,,,,,,,,,,,,,,,,,,,
62,r63,,,,r63,,,,,,,r63,,r63,r63,r63,r63,r63,,r63,r63,r63,r63,r63,r63,r63,r63,r63,r63,,,,,,,,,,,r63,r63,r63,r63,,,,,,,,,,,,,,,,,,,,,,,,,,,,,,,,,,
63,,,,,,,,,,,,,s92,,,,,,,,,,,,,,,,,,,,,,,,,,,,,,,,,,,,,,,,,,,,,,,,,,,,,,,,,,,,,,,,
64,,,,,,,,,,,,s9,,,,s6,s8,s10,,s11,s12,s13,,,s14,,s15,,s16,,,,,,,,,,,s22,s23,s24,s25,,,,,,,,,,,,,,,,,,,,,,,93,,,,,,,7,,,,
65,,,,,,,,,,,,s9,,,,s6,s8,s10,,s11,s12,s13,,,s14,,s15,,s16,,,,,,,,,,,s22,s23,s24,s25,,,,,,,,,,,,,,,,,,,,,,,94,,,,,,,7,,,,
66,,,,,,,,,,,,,,,,,,,s95,,,,,,,,,,,,,,,,,,,,,,,,,,,,,,,,,,,,,,,,,,,,,,,,,,,,,,,,,,
67,,,,,,,,,,,,s9,,,,s6,s8,s10,,s11,s12,s13,,,s14,,s15,,s16,,,,,,,,,,,s22,s23,s24,s25,,,,,,,,,,,,,,,,,,,,,,,96,,,,,,,7,,,,
68,,,,,,,,,,,,s9,,,,s6,s8,s10,,s11,s12,s13,,,s14,,s15,,s16,,,,,,,,,,,s22,s23,s24,s25,,,,,,,,,,,,,,,,,,,,,,,97,,,,,,,7,,,,
69,,,,,,,,,,s46,,s43,,,,s42,s40,s44,,,,,,,,,,,,,,,,,,,,,,,,,,s45,,,,,,,,,,,,,,,,,,,,,,,,98,,38,39,,,41,,,
70,,,,,,,,,,,,s9,,,,s6,s8,s10,,s11,s12,s13,,,s14,,s15,,s16,,,,,,,,,,,s22,s23,s24,s25,,,,,,,,,,,,,,,,,,,,,,,99,,,,,,,7,,,,
71,,,,r44,,,,,,,,,r44,,,,,,r44,,,,,,,,,,,r44,,,,,,,,,,,,,,,,,,,,,,,,,,,,,,,,,,,,,,,,,,,,,,,
72,,,,r45,,,,,,,,,r45,,,,,,r45,,,,,,,,,,,r45,,,,,,,,,,,,,,,,,,,,,,,,,,,,,,,,,,,,,,,,,,,,,,,
73,,,,,,,,,,,,,s100,,,,,,,,,,,,,,,,,,,,,,,,,,,,,,,,,,,,,,,,,,,,,,,,,,,,,,,,,,,,,,,,
74,,,,r43,,,,,,,,,s101,,,,,,r43,,,,,,,,,,,r43,,,,,,,,,,,,,,,,,,,,,,,,,,,,,,,,,,,,,,,,,,,,,,,
75,,,,,,,,,,s46,,s43,,,,s42,,s44,,,,,,,,,,,,,,,,,,,,,,,,,,s45,,,,,,,,,,,,,,,,,,,,,,,,,,,102,,,85,,,
76,,,,,,,,,,,,,,,,,,,s103,,,,,,,,,,,,,,,,,,,,,,,,,,,,,,,,,,,,,,,,,,,,,,,,,,,,,,,,,,
77,,,,s104,,,,,,,,,,,,,,,,,,,,,,,,,,,,,,,,,,,,,,,,,,,,,,,,,,,,,,,,,,,,,,,,,,,,,,,,,
78,,,,,,,,,,,,s9,,,,s6,s8,s10,,s11,s12,s13,,,s14,,s15,,s16,,,,,,,,,,,s22,s23,s24,s25,,,,,,,,,,,,,,,,,,,,,,,105,,,,,,,7,,,,
79,,,,,,,,,,,,,,s107,,,,,,,,,,,,,,,,,,,,,,,,,,,,,,,,,,,,,,,,,,,,,,106,,,,,,,,,,,,,,,,,
80,,,,,,,,,,r75,,r75,,r75,,r75,r75,r75,,,,,,,,,,,,,,,,,,,,,,,,,,r75,,,,,,,,,,,,,,,,,,,,,,,,,,,,,,,,,
81,,,,,s83,,,,,,,,,,,,,,,,,,,,,,,,,,,,,,,,,,,,,,,,,,,,,,,,,,,,108,,,,,,,,,,,,,,,,,,,,
82,r9,r9,r9,,,r9,r9,r9,,,r9,r9,,,,r9,r9,r9,,r9,r9,r9,,,r9,,r9,,r9,,,,,,,,,,,r9,r9,r9,r9,,,,,,,,,,,,,,,,,,,,,,,,,,,,,,,,,,
83,,,,,,,,,,s55,,,,,,,,,,,,,,,,,,,,,,,,,,,,,,,,,,,,,,,,,,,,,,,,,,,,,109,,,,,,,,,,,,,,
84,,,,,,,,,,s46,,s43,,,,s42,,s44,,,,,,,,,,,,,,,,,,,,,,,,,,s45,,,,,,,,,,,,,,,,,,,,110,,,,,,,111,,,85,,,
85,,,,r47,,,,,,r47,,r47,r47,,,r47,,r47,r47,,,,,,,,,,,r47,,,,,,,,,,,,,,r47,,,,,,,,,,,,,,,,,,,,,,,,,,,,,,,,,
86,,,,s112,,,,,,,,,,,,,,,,,,,,,,,,,,,,,,,,,,,,,,,,,,,,,,,,,,,,,,,,,,,,,,,,,,,,,,,,,
87,,,,,,,,,,,,,,,,,,,,,,,,,,,,,,,,,,,,,,,,,,,,,,s114,s115,s116,s117,s118,,,,,,,,,,,,,,,,,,,,,,,,,,113,
88,,,,,,,,,,s90,,,,,,,,,,,,,,,,,,,,,,,,,,,,,,,,,,,,,,,,,,,,,,,,119,,,,,,,,,,,,,,,,,,,
89,r13,r13,r13,,,r13,r13,r13,,,r13,r13,,,,r13,r13,r13,,r13,r13,r13,,,r13,,r13,,r13,,,,,,,,,,,r13,r13,r13,r13,,,,,,,,,,,,,,,,,,,,,,,,,,,,,,,,,,
90,,,,,,,,,,s90,,,,,,,,,,,,,,,,,,,,,,,,,,,,,,,,,,,,,,,,,,,,,,,,120,,,,,,,,,,,,,,,,,,,
91,r14,r14,r14,,,r14,r14,r14,,,r14,r14,,,,r14,r14,r14,,r14,r14,r14,,,r14,,r14,,r14,,,,,,,,,,,r14,r14,r14,r14,,,,,,,,,,,,,,,,,,,,,,,,,,,,,,,,,,
92,r29,,,,r29,,,,,,,r29,,r29,r29,r29,r29,r29,,r29,r29,r29,r29,r29,r29,r29,r29,r29,r29,,,,,,,,,,,r29,r29,r29,r29,,,,,,,,,,,,,,,,,,,,,,,,,,,,,,,,,,
93,s65,,,,,,,,,,,,,s64,,,,,,,,,,,,,,,,,,,,,,,,,,,,,,,,,,,,,,,,,,,,,,,,,,,,,121,,,,,,,,,,
94,s65,,,,,,,,,,,,,s64,,,,,,,,,,,,,,,,,,,,,,,,,,,,,,,,,,,,,,,,,,,,,,,,,,,,,122,,,,,,,,,,
95,r33,,,,r33,,,,,,,r33,,r33,r33,r33,r33,r33,,r33,r33,r33,r33,r33,r33,r33,r33,r33,r33,,,,,,,,,,,r33,r33,r33,r33,,,,,,,,,,,,,,,,,,,,,,,,,,,,,,,,,,
96,,,,,,,,,,,,,,,,,,,,,,,,s123,,,,,,,,,,,,,,,,,,,,,,,,,,,,,,,,,,,,,,,,,,,,,,,,,,,,,
97,r38,,,,r38,,,,,,,r38,,r38,r38,r38,r38,r38,,r38,r38,r38,r38,r38,r38,r38,r38,r38,r38,,,,,,,,,,,r38,r38,r38,r38,,,,,,,,,,,,,,,,,,,,,,,,,,,,,,,,,,
98,r39,,,,r39,,,,,,,r39,,r39,r39,r39,r39,r39,,r39,r39,r39,r39,r39,r39,r39,r39,r39,r39,,,,,,,,,,,r39,r39,r39,r39,,,,,,,,,,,,,,,,,,,,,,,,,,,,,,,,,,
99,,,,,,,,,,,,s9,,,,s6,s8,s10,,s11,s12,s13,,,s14,,s15,,s16,,,,,,,,,,,s22,s23,s24,s25,,,,,,,,,,,,,,,,,,,,,,,125,,,124,,,,7,,,,
100,,,,r48,,,,,,r48,,r48,r48,,,r48,,r48,r48,,,,,,,,,,,r48,,,,,,,,,,,,,,r48,,,,,,,,,,,,,,,,,,,,,,,,,,,,,,,,,
101,,,,r49,,,,,,r49,,r49,r49,,,r49,,r49,r49,,,,,,,,,,,r49,,,,,,,,,,,,,,r49,,,,,,,,,,,,,,,,,,,,,,,,,,,,,,,,,
102,,,,r50,,,,,,r50,,r50,r50,,,r50,,r50,r50,,,,,,,,,,,r50,,,,,,,,,,,,,,r50,,,,,,,,,,,,,,,,,,,,,,,,,,,,,,,,,
103,,,,r51,,,,,,r51,,r51,r51,,,r51,,r51,r51,,,,,,,,,,,r51,,,,,,,,,,,,,,r51,,,,,,,,,,,,,,,,,,,,,,,,,,,,,,,,,
104,,,,,,,,,,,,s9,,,,s6,s8,s10,,s11,s12,s13,,,s14,,s15,,s16,,,,,,,,,,,s22,s23,s24,s25,,,,,,,,,,,,,,,,,,,,,,,126,,,,,,,7,,,,
105,,,,,s128,,,,,,,,,,,,,,,,,,,,,,,,,,,,,,,,,,,,,,,,,,,,,,,,,,,127,,,,,,,,,,,,,,,,,,,,,
106,,,,,,,,,,,,,s129,,,,,,,,,,,,,,,,,,,,,,,,,,,,,,,,,,,,,,,,,,,,,,,,,,,,,,,,,,,,,,,,
107,,,,,,,,,,,,,,,,,,,,,,,,,,,,,,,,,,,,,,,,,,,,,,,,,,,s51,,,,,,,,,,,,,,,,,,,,,,,,,,130
108,r8,r8,r8,,,r8,r8,r8,,,r8,r8,,,,r8,r8,r8,,r8,r8,r8,,,r8,,r8,,r8,,,,,,,,,,,r8,r8,r8,r8,,,,,,,,,,,,,,,,,,,,,,,,,,,,,,,,,,
109,,,,,s83,,,,,,,,,,,,,,,,,,,,,,,,,,,,,,,,,,,,,,,,,,,,,,,,,,,,131,,,,,,,,,,,,,,,,,,,,
110,,,,s132,,,,,,,,,,,,,,,,,,,,,,,,,,,,,,,,,,,,,,,,,,,,,,,,,,,,,,,,,,,,,,,,,,,,,,,,,
111,,,,,,,,,,s46,,s43,,,,s42,,s44,,,,,,,,,,,,,,,,,,,,,,,,,,s45,,,,,,,,,,,,,,,,,,,,133,,,,,,,111,,,85,,,
112,,,,,,,,,,,,,,,,,,,,,,,,,,,,,,,,,,,,,,,,,,,,,,s114,s115,s116,s117,s118,,,,,,,,,,,,,,,,,,,,,,,,,,134,
113,,,,,s136,,,,,s137,,,,,,,,,,,,,,,,,,,,,,,,,,,,,,,,,,,,,,,,,,,,,,,,,,,,135,,,,,,,,,,,,,,,
114,,,,,r70,,,,,r70,,,,,,,,,,,,,,,,,,,,,,,,,,,,,,,,,,,,,,,,,,,,,,,,,,,,,,,,,,,,,,,,,,,
115,,,,,r71,,,,,r71,,,,,,,,,,,,,,,,,,,,,,,,,,,,,,,,,,,,,,,,,,,,,,,,,,,,,,,,,,,,,,,,,,,
116,,,,,r72,,,,,r72,,,,,,,,,,,,,,,,,,,,,,,,,,,,,,,,,,,,,,,,,,,,,,,,,,,,,,,,,,,,,,,,,,,
117,,,,,r73,,,,,r73,,,,,,,,,,,,,,,,,,,,,,,,,,,,,,,,,,,,,,,,,,,,,,,,,,,,,,,,,,,,,,,,,,,
118,,,,,r74,,,,,r74,,,,,,,,,,,,,,,,,,,,,,,,,,,,,,,,,,,,,,,,,,,,,,,,,,,,,,,,,,,,,,,,,,,
119,r12,r12,r12,,,r12,r12,r12,,,r12,r12,,,,r12,r12,r12,,r12,r12,r12,,,r12,,r12,,r12,,,,,,,,,,,r12,r12,r12,r12,,,,,,,,,,,,,,,,,,,,,,,,,,,,,,,,,,
120,r15,r15,r15,,,r15,r15,r15,,,r15,r15,,,,r15,r15,r15,,r15,r15,r15,,,r15,,r15,,r15,,,,,,,,,,,r15,r15,r15,r15,,,,,,,,,,,,,,,,,,,,,,,,,,,,,,,,,,
121,,,,,,,,,,,,,r30,,,,,,r30,,,,,,,,,,,,,,,,,,,,,,,,,,,,,,,,,,,,,,,,,,,,,,,,,,,,,,,,,,
122,,,,,,,,,,,,,r32,,,,,,r32,,,,,,,,,,,,,,,,,,,,,,,,,,,,,,,,,,,,,,,,,,,,,,,,,,,,,,,,,,
123,,,,,,,,,,,,s9,,,,s6,s8,s10,,s11,s12,s13,,,s14,,s15,,s16,,,,,,,,,,,s22,s23,s24,s25,,,,,,,,,,,,,,,,,,,,,,,138,,,,,,,7,,,,
124,r41,,,,r41,,,,,,,r41,,r41,r41,r41,r41,r41,,r41,r41,r41,r41,r41,r41,r41,r41,r41,r41,,,,,,,,,,,r41,r41,r41,r41,,,,,,,,,,,,,,,,,,,,,,,,,,,,,,,,,,
125,,,,,,,,,,,,,,,s139,,,,,,,,,,,,,,,,,,,,,,,,,,,,,,,,,,,,,,,,,,,,,,,,,,,,,,,,,,,,,,
126,,,,,s128,,,,,,,,,,,,,,,,,,,,,,,,,,,,,,,,,,,,,,,,,,,,,,,,,,,140,,,,,,,,,,,,,,,,,,,,,
127,r6,r6,r6,,,r6,r6,r6,,,r6,r6,,,,r6,r6,r6,,r6,r6,r6,,,r6,,r6,,r6,,,,,,,,,,,r6,r6,r6,r6,,,,,,,,,,,,,,,,,,,,,,,,,,,,,,,,,,
128,,,,,,,,,,s46,,s43,,,,s42,s40,s44,,,,,,,,,,,,,,,,,,,,,,,,,,s45,,,,,,,,,,,,,,,,,,,,,,,,,,141,39,,,41,,,
129,,,,,,,,,,r17,,r17,,,,r17,r17,r17,,,,,,,,,,,,,,,,,,,,,,,,,,r17,,,,,,,,,,,,,,,,,,,,,,,,,,,,,,,,,
130,,,,,,,,,,,,,,s107,,,,,,,,,,,,,,,,,,,,,,,,,,,,,,,,,,,,,,,,,,,,,,142,,,,,,,,,,,,,,,,,
131,r10,r10,r10,,,r10,r10,r10,,,r10,r10,,,,r10,r10,r10,,r10,r10,r10,,,r10,,r10,,r10,,,,,,,,,,,r10,r10,r10,r10,,,,,,,,,,,,,,,,,,,,,,,,,,,,,,,,,,
132,,,,,,,,,,,,s9,,,,s6,s8,s10,,s11,s12,s13,,,s14,,s15,,s16,,,,,,,,,,,s22,s23,s24,s25,,,,,,,,,,,,,,,,,,,,,,,143,,,,,,,7,,,,
133,,,,r24,,,,,,,,,,,,,,,,,,,,,,,,,,,,,,,,,,,,,,,,,,,,,,,,,,,,,,,,,,,,,,,,,,,,,,,,,
134,,,,,s136,,,,,s137,,,,,,,,,,,,,,,,,,,,,,,,,,,,,,,,,,,,,,,,,,,,,,,,,,,,144,,,,,,,,,,,,,,,
135,r20,r20,r20,,,r20,r20,r20,,,r20,r20,,,,r20,r20,r20,,r20,r20,r20,,,r20,,r20,,r20,,,,,,,,,,,r20,r20,r20,r20,,,,,,,,,,,,,,,,,,,,,,,,,,,,,,,,,,
136,,,,,,,,,,,,s54,,,,,,,,,,,,,,,,,,,,,,,,,,,,,,,,,,,,,,,s51,,,,,,,,145,,,,,,,,,,,,,,,,,,49
137,,,,s146,,,,,,,,,,,,,,,,,,,,,,,,,,,,,,,,,,,,,,,,,,,,,,,,,,,,,,,,,,,,,,,,,,,,,,,,,
138,r37,,,,r37,,,,,,,r37,,r37,r37,r37,r37,r37,,r37,r37,r37,r37,r37,r37,r37,r37,r37,r37,,,,,,,,,,,r37,r37,r37,r37,,,,,,,,,,,,,,,,,,,,,,,,,,,,,,,,,,
139,,,,,,,,,,s46,,s43,,,,s42,s40,s44,,,,,,,,,,,,,,,,,,,,,,,,,,s45,,,,,,,,,,,,,,,,,,,,,,,,,,147,39,,,41,,,
140,r5,r5,r5,,,r5,r5,r5,,,r5,r5,,,,r5,r5,r5,,r5,r5,r5,,,r5,,r5,,r5,,,,,,,,,,,r5,r5,r5,r5,,,,,,,,,,,,,,,,,,,,,,,,,,,,,,,,,,
141,,,,s148,,,,,,,,,,,,,,,,,,,,,,,,,,,,,,,,,,,,,,,,,,,,,,,,,,,,,,,,,,,,,,,,,,,,,,,,,
142,,,,,,,,,,,,,r18,,,,,,,,,,,,,,,,,,,,,,,,,,,,,,,,,,,,,,,,,,,,,,,,,,,,,,,,,,,,,,,,
143,,,,,,,,,,,,,,,s150,,,,,,,,,,,,,,,,,,,,,,,,,,,,,,,,,,,,,,,,,,,,,,,,,,149,,,,,,,,,,,,
144,r19,r19,r19,,,r19,r19,r19,,,r19,r19,,,,r19,r19,r19,,r19,r19,r19,,,r19,,r19,,r19,,,,,,,,,,,r19,r19,r19,r19,,,,,,,,,,,,,,,,,,,,,,,,,,,,,,,,,,
145,,,,,,,,,,s151,,,,,,,,,,,,,,,,,,,,,,,,,,,,,,,,,,,,,,,,,,,,,,,,,,,,,,,,,,,,,,,,,,,
146,,,,,,,,,,,,,,,,,,,,,,,,,,,,,,,,,,,,,,,,,,,,,,s114,s115,s116,s117,s118,,,,,,,,,,,,,,,,,,,,,,,,,,152,
147,,,,,,,,,,,,,,,,,,,,,,,,,,,,,,s153,,,,,,,,,,,,,,,,,,,,,,,,,,,,,,,,,,,,,,,,,,,,,,,
148,,,,,,,,,,,,s9,,,,s6,s8,s10,,s11,s12,s13,,,s14,,s15,,s16,,,,,,,,,,,s22,s23,s24,s25,,,,,,,,,,,,,,,,,,,,,,,154,,,,,,,7,,,,
149,,,,,r23,,,,,,,,,,,,,,,,,,,,,,,,,,,,,,,,,,,,,,,,,,,,,,,,,,,,,,,,,,,,,,,,,,,,,,,,
150,,,,,,,,,,s155,,,,,,,,,,,,,,,,,,,,,,,,,,,,,,,,,,,,,,,,,,,,,,,,,,,,,,,,,,,,,,,,,,,
151,,,,s156,,,,,,,,,,,,,,,,,,,,,,,,,,,,,,,,,,,,,,,,,,,,,,,,,,,,,,,,,,,,,,,,,,,,,,,,,
152,,,,,s136,,,,,s137,,,,,,,,,,,,,,,,,,,,,,,,,,,,,,,,,,,,,,,,,,,,,,,,,,,,157,,,,,,,,,,,,,,,
153,,,,,,,,,,,,s9,,,,s6,s8,s10,,s11,s12,s13,,,s14,,s15,,s16,,,,,,,,,,,s22,s23,s24,s25,,,,,,,,,,,,,,,,,,,,,,,158,,,,,,,7,,,,
154,,,,,s128,,,,,,,,,,,,,,,,,,,,,,,,,,,,,,,,,,,,,,,,,,,,,,,,,,,159,,,,,,,,,,,,,,,,,,,,,
155,,,,,,,,,,s46,,s43,,,,s42,,s44,,,,,,,,,,,,,,,,,,,,,,,,,,s45,,,,,,,,,,,,,,,,,,,,,,,,,,,160,,,85,,,
156,,,,,,,,,,,,,,,,,,,,,,,,,,,,,,,,,,,,,,,,,,,,,,s114,s115,s116,s117,s118,,,,,,,,,,,,,,,,,,,,,,,,,,161,
157,r22,r22,r22,,,r22,r22,r22,,,r22,r22,,,,r22,r22,r22,,r22,r22,r22,,,r22,,r22,,r22,,,,,,,,,,,r22,r22,r22,r22,,,,,,,,,,,,,,,,,,,,,,,,,,,,,,,,,,
158,r42,,,,r42,,,,,,,r42,,r42,r42,r42,r42,r42,,r42,r42,r42,r42,r42,r42,r42,r42,r42,r42,,,,,,,,,,,r42,r42,r42,r42,,,,,,,,,,,,,,,,,,,,,,,,,,,,,,,,,,
159,r7,r7,r7,,,r7,r7,r7,,,r7,r7,,,,r7,r7,r7,,r7,r7,r7,,,r7,,r7,,r7,,,,,,,,,,,r7,r7,r7,r7,,,,,,,,,,,,,,,,,,,,,,,,,,,,,,,,,,
160,,,,,,,,,,s46,,s43,,,,s42,,s44,,,,,,,,,,,,,,,,,,,,,,,,,,s45,,,,,,,,,,,,,,,,,,,,162,,,,,,,111,,,85,,,
161,,,,,s136,,,,,s137,,,,,,,,,,,,,,,,,,,,,,,,,,,,,,,,,,,,,,,,,,,,,,,,,,,,163,,,,,,,,,,,,,,,
162,,,,s164,,,,,,,,,,,,,,,,,,,,,,,,,,,,,,,,,,,,,,,,,,,,,,,,,,,,,,,,,,,,,,,,,,,,,,,,,
163,r21,r21,r21,,,r21,r21,r21,,,r21,r21,,,,r21,r21,r21,,r21,r21,r21,,,r21,,r21,,r21,,,,,,,,,,,r21,r21,r21,r21,,,,,,,,,,,,,,,,,,,,,,,,,,,,,,,,,,
164,,,,,,,,,,,,s9,,,,s6,s8,s10,,s11,s12,s13,,,s14,,s15,,s16,,,,,,,,,,,s22,s23,s24,s25,,,,,,,,,,,,,,,,,,,,,,,165,,,,,,,7,,,,
165,,,,,,,,,,,,,,,s150,,,,,,,,,,,,,,,,,,,,,,,,,,,,,,,,,,,,,,,,,,,,,,,,,,166,,,,,,,,,,,,
166,,,,,r25,,,,,,,,,,,,,,,,,,,,,,,,,,,,,,,,,,,,,,,,,,,,,,,,,,,,,,,,,,,,,,,,,,,,,,,,